{"frames":{"voce ganhou0.png":{"frame":{"x":0,"y":0,"w":1536,"h":1024},"rotated":false,"trimmed":false,"spriteSourceSize":{"x":0,"y":0,"w":1536,"h":1024},"sourceSize":{"w":1536,"h":1024}},"voce ganhou1.png":{"frame":{"x":0,"y":1024,"w":1536,"h":1024},"rotated":false,"trimmed":false,"spriteSourceSize":{"x":0,"y":0,"w":1536,"h":1024},"sourceSize":{"w":1536,"h":1024}},"voce ganhou2.png":{"frame":{"x":0,"y":2048,"w":1536,"h":1024},"rotated":false,"trimmed":false,"spriteSourceSize":{"x":0,"y":0,"w":1536,"h":1024},"sourceSize":{"w":1536,"h":1024}}},"meta":{"app":"https://github.com/piskelapp/piskel/","version":"1.0","image":"voce ganhou.png","format":"RGBA8888","size":{"w":1536,"h":3072}}}